{"cameraMode":{"drawMode":0,"name":"Shaded","section":"Shading Mode"},"sceneLighting":false,"audioPlay":false,"sceneViewState":{"showFog":true,"showMaterialUpdate":false,"showSkybox":true,"showFlares":true,"showImageEffects":true,"showParticleSystems":true},"in2DMode":false,"pivot":{"x":16.83962059020996,"y":-2.109999656677246,"z":2.3799991607666017},"rotation":{"x":0.2081461101770401,"y":-0.053665030747652057,"z":0.01143832877278328,"w":0.9765586853027344},"size":9.868885040283204,"orthographic":false}